image,name,price,rating,reviews
https://thumbnail10.coupangcdn.com/thumbnails/remote/320x320ex/image/retail/images/2025/02/11/18/8/924ca457-4518-4bd0-9681-5ee91f359326.jpg,"꼬꼬 반자동 연필깎이, 랜덤발송, 1개",4140,None,None
https://thumbnail6.coupangcdn.com/thumbnails/remote/320x320ex/image/retail/images/2025/02/11/17/8/d909f4d6-f620-41b0-864a-9e31aa690a63.jpg,"동아 광복절 육각 연필 HB, 검정, 6개",4830,5,1
https://thumbnail6.coupangcdn.com/thumbnails/remote/320x320ex/image/vendor_inventory/48a0/bd9db34fb68691ede1ef305498f1efea11508e42a7354b2c2a86f3959b89.png,"파버카스텔 기로쉐 연필 B, 블랙, 5개",102500,5,33
https://thumbnail7.coupangcdn.com/thumbnails/remote/320x320ex/image/retail/images/27590255264449-3286156f-efb2-4be3-8071-6e36a8d11c45.png,"산리오 포차코 피규어 연필 보호캡 세트, 혼합색상, 3세트",8660,5,96
https://thumbnail8.coupangcdn.com/thumbnails/remote/320x320ex/image/vendor_inventory/f3b3/da60a1d68afbeb00d2a3668acb4f2dccf42a49516cddf5de616125bf151c.jpg,"스테들러 파스텔 연필 12개입 HB 2B 선택가능",3430,5,3
https://thumbnail9.coupangcdn.com/thumbnails/remote/320x320ex/image/vendor_inventory/2104/32dce0edbd29072ca4091f2a77fc0102577cede73eac73c84c2a90072183.png,"마카롱 계열 예쁜 일당백 무한 연필 12개 세트 부러지지 않는 리필심 교체가능 영구 펜슬 HB",8520,None,None
https://thumbnail8.coupangcdn.com/thumbnails/remote/320x320ex/image/vendor_inventory/5612/7398ada231943edaa43f4786e3ba5378c3afaf3f00e1fd1156590662b063.jpg,"동아 오피스연필 12본 HB B 2B 연필, 12개",3940,5,406
https://thumbnail7.coupangcdn.com/thumbnails/remote/320x320ex/image/vendor_inventory/15e0/c92d169145598d066b3c4a9ee9474689e6f52e72a9d107ea8260357edb1d.jpg,"동아 오피스연필 12본 HB B 2B 연필, 동아 오피스연필 HB 12본, 12개",4120,5,406
https://thumbnail6.coupangcdn.com/thumbnails/remote/320x320ex/image/retail/images/2025/01/13/11/9/8d5879ad-b45a-4f6f-ba5a-4f59c91a73f9.jpg,"뽀로로 연필 B 2종 x 8p 세트, 혼합, 16개입",4000,5,32
https://thumbnail7.coupangcdn.com/thumbnails/remote/320x320ex/image/vendor_inventory/ff0c/69c37200f5588a8738760d3aa92bdb69c88d022e37f736c1fa0bdad321c0.jpg,"산리오캐릭터즈 포차코 연필 B 8p + 케이스, 혼합색상, 3세트",2500,None,16
https://thumbnail6.coupangcdn.com/thumbnails/remote/320x320ex/image/retail/images/2025/01/02/15/2/b7f01d90-6adf-4568-9f4e-beed93394778.jpg,"아가플러스 킹왕짱 몽당 연필 20cm HB, 파랑, 1개",4420,5,1
https://thumbnail8.coupangcdn.com/thumbnails/remote/320x320ex/image/vendor_inventory/0092/7bb7567f0063a9b0fcc36cbc55947919179ba7ab9538cee40caa437d7940.png,"톰보우 모노 연필, B, 12개",9940,5,1283
https://thumbnail7.coupangcdn.com/thumbnails/remote/320x320ex/image/vendor_inventory/34ec/04e96b5f18e8c519b3cf154259e38df406dc7e33bdd802dd82f4a35e0457.jpg,"파버카스텔 그라폰 퍼펙트펜슬, 블랙(118568), 1개",280000,5,26
https://thumbnail6.coupangcdn.com/thumbnails/remote/320x320ex/image/retail/images/144356684496807-f54f2e6c-efcf-4a0a-be2b-1f8ac84531e6.jpg,"포켓몬스터 3본 연필 세트 2B, 랜덤발송, 10세트",8000,None,5
https://thumbnail9.coupangcdn.com/thumbnails/remote/320x320ex/image/vendor_inventory/68b2/c323747d171f88de327a3b9fb123756073c91945d565f96e05abe208f95f.jpg,"레이지스타 만년 연필 ver2 24개(박스) 계속쓰는 닳지않는 펜슬 무한연필, 1세트",19200,5,1
https://thumbnail8.coupangcdn.com/thumbnails/remote/320x320ex/image/vendor_inventory/070d/44397a1409555800ff76a53a1983be86745447fbd0ef86e6fac1ef83cd72.png,"라미네문구 무한연필 4P + 리필심 4P + 무지개색상 리필심 7종, 4종 세트",7900,5,679
https://thumbnail9.coupangcdn.com/thumbnails/remote/320x320ex/image/vendor_inventory/4096/d33c92ce48e61503a0755b8f2799be4cd5f3c5b78ba99a1e0dd80bdbe645.jpg,"365플레이스 무한연필 6p + 리필 심 6p",6840,None,58
https://thumbnail6.coupangcdn.com/thumbnails/remote/320x320ex/image/vendor_inventory/8265/f40cf950dbd7212ef5f8b0997b108e61569c92103a634a7fe37eed40feaa.png,"i12B 캐릭터 무한연필 4종 세트B, 4개, 화이트+그린+핑크+옐로우",7990,None,None
https://thumbnail9.coupangcdn.com/thumbnails/remote/320x320ex/image/vendor_inventory/f57e/8565caf0427be3a03dcb3228bcfdb4e9db6130257f926957f543b2259e90.png,"i12B 캐릭터 무한연필 4종 세트A, 4개",7990,None,88
https://thumbnail8.coupangcdn.com/thumbnails/remote/320x320ex/image/vendor_inventory/1887/b20f75e2f7df251d5a9250b0d724d840af5312ba2065d00642b1b4ea7af0.jpg,"스튜디오에잇 캐치티니핑 시즌5 문구 세트, 하츄핑, 1세트",5200,5,534
https://thumbnail8.coupangcdn.com/thumbnails/remote/320x320ex/image/retail/images/2890734198584-b81c9eee-449d-4006-89c1-5b721962e5a1.jpg,"스튜디오에잇 캐치티니핑 시즌5 10본 연필 세트 2B, 랜덤발송, 2세트",5630,None,None
https://thumbnail7.coupangcdn.com/thumbnails/remote/320x320ex/image/vendor_inventory/6f6c/54eb68beefa66e12589220d88a41675d58db2a46dee0b6e39539dea4029f.JPG,"포인트라인 리본연필세트 24개입",15000,5,2
https://thumbnail8.coupangcdn.com/thumbnails/remote/320x320ex/image/vendor_inventory/2cb3/d1ece78975bf29089b4a5c8c8001dca2da25caa894a28ccfc274b2a986d2.JPG,"바우하우스 시험용 연필 4B, 블랙, 12개",7000,None,222
https://thumbnail10.coupangcdn.com/thumbnails/remote/320x320ex/image/vendor_inventory/f31f/aff988013f4e928e7703080148d619eea3f1e437b22b207329c5600a7e26.jpg,"포켓몬스터 피카츄 HB 연필세트 12P (미니연필깍이 포함) 아동 초등 학교 준비물 선물세트",8900,5,9
https://thumbnail6.coupangcdn.com/thumbnails/remote/320x320ex/image/vendor_inventory/e3ed/1a87c26e5471da974646bd8e7a680e3882cd22f4a6ac4a3c9fce202d40f3.jpg,"문화연필 연필 더존, 4B, 12개",4980,None,904
https://thumbnail6.coupangcdn.com/thumbnails/remote/320x320ex/image/vendor_inventory/3e94/17aa7f1ff4283ccf238e42ef6651307444412d664ff066e17fad67868d58.jpg,"5시 fooi 깎지않는연필 무한 연필 + 예쁜 스티커 무료증정 빠른배송, 02. 블랙",3990,None,208
https://thumbnail6.coupangcdn.com/thumbnails/remote/320x320ex/image/vendor_inventory/3e94/17aa7f1ff4283ccf238e42ef6651307444412d664ff066e17fad67868d58.jpg,"5시 fooi 깎지않는연필 무한 연필 + 예쁜 스티커 무료증정 빠른배송, 07. 블루",3990,None,208
https://thumbnail6.coupangcdn.com/thumbnails/remote/320x320ex/image/vendor_inventory/3e94/17aa7f1ff4283ccf238e42ef6651307444412d664ff066e17fad67868d58.jpg,"5시 fooi 깎지않는연필 무한 연필 + 예쁜 스티커 무료증정 빠른배송, 01. 화이트",3990,None,208
https://thumbnail9.coupangcdn.com/thumbnails/remote/320x320ex/image/vendor_inventory/0aa6/5609570365432b92cfe9bbccdfa0fc91f2ac9a9ad28054069b712ee236da.jpg,"문화연필 연필 더존, HB, 24개",7550,None,904
https://thumbnail7.coupangcdn.com/thumbnails/remote/320x320ex/image/vendor_inventory/68cc/ef8ec7c19ba1d0fd965619a305bb248aeea4329056a32e6a99d2db6f961d.jpg,"문화연필 더존 B, 혼합 색상, 36개입",8550,5,319
https://thumbnail7.coupangcdn.com/thumbnails/remote/320x320ex/image/vendor_inventory/68cc/ef8ec7c19ba1d0fd965619a305bb248aeea4329056a32e6a99d2db6f961d.jpg,"문화연필 더존 B, 혼합 색상, 48개입",9570,5,319
https://thumbnail10.coupangcdn.com/thumbnails/remote/320x320ex/image/vendor_inventory/ea29/ec280c6429a30ce1ff7ac83824b3c1838820e33161d30d657998003580d0.jpg,"문화연필 더존 2B, 60개입",15090,None,569
https://thumbnail10.coupangcdn.com/thumbnails/remote/320x320ex/image/vendor_inventory/ea29/ec280c6429a30ce1ff7ac83824b3c1838820e33161d30d657998003580d0.jpg,"문화연필 더존 2B, 48개입",12130,None,569
https://thumbnail6.coupangcdn.com/thumbnails/remote/320x320ex/image/vendor_inventory/3e94/17aa7f1ff4283ccf238e42ef6651307444412d664ff066e17fad67868d58.jpg,"5시 fooi 깎지않는연필 무한 연필 + 예쁜 스티커 무료증정 빠른배송, 03. 퍼플",3990,None,208
https://thumbnail7.coupangcdn.com/thumbnails/remote/320x320ex/image/vendor_inventory/68cc/ef8ec7c19ba1d0fd965619a305bb248aeea4329056a32e6a99d2db6f961d.jpg,"문화연필 더존 B, 혼합 색상, 12개입",4000,5,319
https://thumbnail10.coupangcdn.com/thumbnails/remote/320x320ex/image/vendor_inventory/ea29/ec280c6429a30ce1ff7ac83824b3c1838820e33161d30d657998003580d0.jpg,"문화연필 더존 2B, 24개입",6190,None,569
https://thumbnail9.coupangcdn.com/thumbnails/remote/320x320ex/image/vendor_inventory/b3c0/48f05c62a0c1b9943a249178d4701ce731d2a4c1756c111d3c0d1b030217.jpg,"동아 오피스연필 B, 36개",8400,5,642
https://thumbnail9.coupangcdn.com/thumbnails/remote/320x320ex/image/vendor_inventory/b3c0/48f05c62a0c1b9943a249178d4701ce731d2a4c1756c111d3c0d1b030217.jpg,"동아 오피스연필 B, 60개",12200,5,642
https://thumbnail7.coupangcdn.com/thumbnails/remote/320x320ex/image/vendor_inventory/930f/4291a6c4e38271adbe8866bda35b024c645152bfd72322a8b58394eb6bf7.jpg,"포켓몬 10본 연필 세트 2B, 혼합색상, 4세트",9200,5,80
https://thumbnail7.coupangcdn.com/thumbnails/remote/320x320ex/image/vendor_inventory/130d/948296ac2e52b83253a5211509b3e7e2072fef9000392d8bfa149f3824ed.png,"델리 마카롱 지우개연필 EC011, 2B, 72개",12040,5,97
https://thumbnail9.coupangcdn.com/thumbnails/remote/320x320ex/image/vendor_inventory/8e00/d9e28192479ccc7661fd519399801b6ba796dfea7afc8e0aae2323b13f8f.jpg,"별별리빙샵 목공 연필 목수 납작 사각연필, 12자루",6900,None,8
https://thumbnail9.coupangcdn.com/thumbnails/remote/320x320ex/image/retail/images/2024/10/10/18/2/ce47f55e-87f7-4c01-99a0-59dd3beab51a.jpg,"우옹이 카트리지 연필 B 4종 x 6p 세트, 1세트, 혼합색상",15350,4,2
https://thumbnail8.coupangcdn.com/thumbnails/remote/320x320ex/image/retail/images/2024/09/30/11/3/c544ec02-5d12-43a3-a0d8-e12d6c1d42c9.jpg,"아이비스 연필 캡 그립세트, 혼합색상, 5개",5800,None,26
https://thumbnail7.coupangcdn.com/thumbnails/remote/320x320ex/image/retail/images/2024/09/29/18/5/23d8e6cb-f437-43f2-a2a9-3c92405e0db2.jpg,"문화연필 더존키즈 삼각연필 B 10종 세트, 분홍 + 주황 + 노랑 + 연두 + 파랑, 1세트",2530,None,None
https://thumbnail7.coupangcdn.com/thumbnails/remote/320x320ex/image/retail/images/2024/09/26/16/2/c20483a8-9ab8-46aa-9648-a354168e7398.jpg,"문화연필 샤크 샤프 샤크 블랙, 0.5mm, 1개",1690,None,None
https://thumbnail8.coupangcdn.com/thumbnails/remote/320x320ex/image/retail/images/2024/09/26/15/0/9e3e2859-912d-49bd-81e6-bb5ee85c6284.jpg,"문화연필 더존 연필 2H, 12개",2920,None,13
https://thumbnail10.coupangcdn.com/thumbnails/remote/320x320ex/image/retail/images/2024/09/26/15/2/9c4b4206-2a73-4a3b-93d9-58d86bb6543c.jpg,"문화연필 더존키즈 삼각연필 5종 세트 HB, 분홍 + 주황 + 노랑 + 연두 + 파랑, 1세트",1800,5,5
https://thumbnail8.coupangcdn.com/thumbnails/remote/320x320ex/image/retail/images/2024/09/26/18/1/6681173b-49fa-448f-b80c-1f736ff9cffa.jpg,"문화연필 더존키즈 삼각연필 HB 5종 x 2p 세트, 혼합색상, 1세트",3150,5,7
https://thumbnail7.coupangcdn.com/thumbnails/remote/320x320ex/image/retail/images/2024/09/19/11/6/e06ff0a7-4bb9-47c2-bb43-92451992e4a1.jpg,"문화연필 캠퍼스101 볼펜 0.7mm, 빨강, 12개",2460,5,139
https://thumbnail9.coupangcdn.com/thumbnails/remote/320x320ex/image/retail/images/2024/09/19/9/0/074c6478-fd57-406f-8520-abab75852f4d.jpg,"아이비스 노크식 삼각 홀더 펜슬, 화이트, 6개",5320,5,8
https://thumbnail6.coupangcdn.com/thumbnails/remote/320x320ex/image/retail/images/2024/09/18/10/4/eccdd750-a37f-4ad8-96ac-46cb22197efd.jpg,"모나미 바우하우스 파스텔 삼각 연필 B 12본, 흑목, 12개입",3190,5,33
https://thumbnail7.coupangcdn.com/thumbnails/remote/320x320ex/image/retail/images/2024/09/18/10/2/aebc52d6-a1d2-4455-8a76-66996e889cd7.jpg,"BAUHAUS 파스텔 삼각 연필 2B, 흑목, 12개",3400,5,36
https://thumbnail10.coupangcdn.com/thumbnails/remote/320x320ex/image/retail/images/79188713013968-9495e52a-6fb0-42f2-90ba-5629a483517b.jpg,"문화연필 더존 삼각연필 B 5개입, 혼합색상, 3세트",5400,5,16
https://thumbnail9.coupangcdn.com/thumbnails/remote/320x320ex/image/retail/images/59d4cd6f-8be5-4ab8-9dc5-3eaee9152dad1363046721039688419.png,"문화연필 더존 연필 4H, 혼합색상, 24개",6400,5,7
https://thumbnail6.coupangcdn.com/thumbnails/remote/320x320ex/image/retail/images/2024/09/11/14/4/d3edd112-24c6-49e3-b540-170e9c7718d4.jpg,"모나미 바우하우스 파스텔 삼각 연필 HB 12본, 혼합색상, 1세트",3220,5,10
https://thumbnail10.coupangcdn.com/thumbnails/remote/320x320ex/image/retail/images/2024/09/11/10/2/ea2e7509-5966-47a0-b38c-58a17082f816.jpg,"산리오캐릭터즈 8본 연필 B + 케이스 쿠로미, 퍼플, 3세트",6610,5,37
https://thumbnail9.coupangcdn.com/thumbnails/remote/320x320ex/image/retail/images/1835588568419739-5d943155-552d-4ace-925c-e18e585337d9.jpg,"산리오캐릭터즈 8본 연필 케이스 마이멜로디 B, 핑크, 3세트",6760,None,None
https://thumbnail7.coupangcdn.com/thumbnails/remote/320x320ex/image/retail/images/1845654395668000-4f2ea5d6-c5d6-44eb-9bc8-22d46c151b4c.jpg,"모나미 펭수 삼각지우개연필 B 10본입, 1개",2710,None,None
https://thumbnail6.coupangcdn.com/thumbnails/remote/320x320ex/image/vendor_inventory/f76f/8fee43655d7ae28d9e49b15012aa9c054dcb61e9681d059dbe676e06e29c.jpg,"오소사소 깎지 않는 무한 영구 연필 3개 세트(핑크+옐로우+그린)",5990,None,22
https://thumbnail7.coupangcdn.com/thumbnails/remote/320x320ex/image/retail/images/2024/09/03/17/5/27328ac3-502c-4139-9c3b-ec5abfe366d0.jpg,"영아트 PS 파스텔 대용량 플라워연필 HB, 랜덤발송, 48개",7950,5,13
https://thumbnail8.coupangcdn.com/thumbnails/remote/320x320ex/image/retail/images/2024/09/03/17/5/af41f764-bf84-46b2-8794-2e8056d4292c.jpg,"영아트 PS 파스텔 대용량 하트연필 B, 랜덤발송, 48개",7420,5,5
https://thumbnail7.coupangcdn.com/thumbnails/remote/320x320ex/image/retail/images/2024/09/03/10/9/42966ede-7ecb-4b08-8dbe-c20ad86c7bda.jpg,"문화연필 더존키즈 점보 삼각연필 2B, 혼합색상, 3개",3940,5,5
https://thumbnail8.coupangcdn.com/thumbnails/remote/320x320ex/image/retail/images/2024/08/27/15/8/19dba5bc-7803-4a81-b0ab-58386c3275bc.jpg,"문화연필 더존 삼각연필 B 5종 세트, 혼합색상, 1세트",1800,5,16
https://thumbnail10.coupangcdn.com/thumbnails/remote/320x320ex/image/vendor_inventory/730c/13b211b12a25295cc3e0d68503ce41629893604c0f515079f3e7fbe43301.jpg,"모닝글로리 캠퍼스메이트 연필세트 B 2B 연필, 1세트",4880,5,47
https://thumbnail9.coupangcdn.com/thumbnails/remote/320x320ex/image/retail/images/736844185563943-97bce9ab-184a-416b-8713-8cd902db8fe5.jpg,"핑크망고 산리오 10본 연필 10p B, 마이멜로디, 1세트",3550,None,None
https://thumbnail10.coupangcdn.com/thumbnails/remote/320x320ex/image/retail/images/740215798159559-1325d4b1-5302-41dd-9fdd-d16f43f1d090.jpg,"핑크망고 산리오 연필 10p 세트 B, 쿠로미, 1세트",3550,5,49
https://thumbnail10.coupangcdn.com/thumbnails/remote/320x320ex/image/vendor_inventory/8329/46b035f2bb1924e329a3b7297707707a75ceba7866ca497f193b15f65e1c.jpg,"모닝글로리 3000 캠퍼스메이트 연필세트 2B(12자루), 5타(60자루), 혼합색상",10800,5,61
https://thumbnail9.coupangcdn.com/thumbnails/remote/320x320ex/image/vendor_inventory/bb16/10fbe19dfcfea255705327efb48b3353d1ee1d4694aed70e58e4144fa4ab.jpeg,"모닝글로리 3000 캠퍼스메이트 연필세트 2B(12자루), 1타(12자루), 혼합색상",3890,5,61
https://thumbnail9.coupangcdn.com/thumbnails/remote/320x320ex/image/retail/images/2024/08/22/18/4/951e66c1-bf7b-432f-b6c7-cc67496a8660.jpg,"필박스 먼작귀 5본 연필 4종 x 2세트 2B, 혼합색상, 1세트",10600,5,12
https://thumbnail8.coupangcdn.com/thumbnails/remote/320x320ex/image/retail/images/2024/08/21/11/9/dd447797-8d32-4e9b-8dca-72d00dbb17de.jpg,"문화연필 더존 연필 4H, 12개",3450,None,None
https://thumbnail9.coupangcdn.com/thumbnails/remote/320x320ex/image/retail/images/2024/08/19/11/2/3bf237c2-15a9-4ca1-8b7a-6a845112649f.jpg,"동아피엠에스 LOTORY 필기용 드로잉 연필 4B, 12개",7400,5,7
https://thumbnail7.coupangcdn.com/thumbnails/remote/320x320ex/image/retail/images/897786399228940-8daea7e3-2210-40c6-861d-2e08603d2b11.jpg,"투코비 연필캡 6p, 컬러, 10세트",8400,5,146
https://thumbnail6.coupangcdn.com/thumbnails/remote/320x320ex/image/retail/images/997476874650831-3cadd3ff-e96e-469d-8932-3a416ced19c2.jpg,"투코비 연필캡 6p, 투명, 10세트",8400,5,146
https://thumbnail8.coupangcdn.com/thumbnails/remote/320x320ex/image/1025_amir_coupang_oct_80k/a5ce/402e2286e57f5efe917e4cbbb95ff83a2889e5ec81463f26fbddb840515d.jpg,"필박스 포켓몬 5본 연필 2종 x 4세트 2B, 혼합색상, 1세트",11140,None,None
https://thumbnail10.coupangcdn.com/thumbnails/remote/320x320ex/image/vendor_inventory/e79e/7d56291c6d7b4e32721e7fdac93e92939cabc3b25b85cddeabad504003df.jpg,"투데이리빙 24개 세트 무한 색상 연필 리필 심 지우개 포함 깎지않는 만년 이터널펜 오래쓰는 무제한 리필심 닳지않는 펜슬, R98077A(색상연필+리필심, 12색상, 24개입",10800,None,None
https://thumbnail7.coupangcdn.com/thumbnails/remote/320x320ex/image/vendor_inventory/e5e8/dd003d38d5990940021fdd10ae4de4f26e71ea23c3d84d65c6d74f56fb88.jpg,"아이콘스 카카오 리틀프렌즈 어피치 튜브 연필 B 4p 세트, 혼합색상, 5세트",9500,5,216
https://thumbnail10.coupangcdn.com/thumbnails/remote/320x320ex/image/retail/images/2024/08/02/9/2/a1c3de67-968f-4386-b3ca-0a43185a606e.jpg,"아이비스 점보 그립 삼각 연필 세트, 블루, 1세트",4000,5,13
https://thumbnail6.coupangcdn.com/thumbnails/remote/320x320ex/image/vendor_inventory/3ad2/1c2e4f40f21317b936a5fffb5e1b2875527c259cb5df2e702b8b1b070dc0.jpg,"스테들러 옐로우 지우개 연필 134 12입 펜슬 노랑연필, 2B",4680,5,64
https://thumbnail6.coupangcdn.com/thumbnails/remote/320x320ex/image/retail/images/628756418481577-2fc38951-0ab8-4dc3-b144-9459abf22296.png,"델리 지우개 연필 HB 1타스, 옐로우, 36개",7200,None,2
https://thumbnail9.coupangcdn.com/thumbnails/remote/320x320ex/image/retail/images/2024/07/31/16/1/52ade93e-a926-4b30-aed4-17dd5faababf.jpg,"아이비스 빨간색 채점펜세트, 10개",8000,None,20
https://thumbnail6.coupangcdn.com/thumbnails/remote/320x320ex/image/retail/images/2024/07/31/17/7/ae2b7ca0-e1c1-4771-98db-837481ecf3d4.jpg,"아이비스 점보 그립 삼각 연필 세트, 옐로우, 10개",4000,None,None
https://thumbnail7.coupangcdn.com/thumbnails/remote/320x320ex/image/vendor_inventory/9a1e/0650b23564fd8da407c3f2d18019dfd3106db5afcecdf29558afd81a154c.jpg,"포포팬시 귀요미 룰루랄라 캐릭터 연필 B 6p, 블루도트 + 옐로도트 + 아이보리구름 + 옐로스타, 2세트",8080,5,1747
https://thumbnail7.coupangcdn.com/thumbnails/remote/320x320ex/image/retail/images/71698318665407-b240589f-7596-4d33-bfd3-e1990f8aa608.png,"산리오캐릭터즈 8본 연필케이스, 03시나모롤, 3세트",6550,5,60
https://thumbnail10.coupangcdn.com/thumbnails/remote/320x320ex/image/vendor_inventory/8113/f60e97c79cd5ad9ab18a5131d758272ad5624adc305806388e5deb8ae3de.jpg,"동아 오피스 연필 원 HB, 노랑, 24개",4400,None,None
https://thumbnail7.coupangcdn.com/thumbnails/remote/320x320ex/image/vendor_inventory/f2f7/e7c61833373209029971d8bbb3e3ddad52e45c4e304012e6e8a8bae0ee4f.png,"올템 베이직 삼각 교정 원목 연필 100개, 100개입",11900,None,9
https://thumbnail8.coupangcdn.com/thumbnails/remote/320x320ex/image/retail/images/2024/07/09/11/4/a90b5d40-285e-4a8f-a863-709e26bbac11.jpg,"BAUHAUS 클래식 삼각지우개 연필 2B 6종 x 2p 세트, 혼합색상, 1세트",2880,5,27
https://thumbnail7.coupangcdn.com/thumbnails/remote/320x320ex/image/retail/images/2024/07/09/11/3/dc22b369-b350-408a-9061-f10aaf44497a.jpg,"모나미 바우하우스 클래식 삼각지우개 연필 6종 x 2p 세트 B, 혼합색상, 1세트",2690,5,26
https://thumbnail7.coupangcdn.com/thumbnails/remote/320x320ex/image/retail/images/2024/07/09/11/8/56ca1594-131b-499d-b9e9-f6d0cdfb734d.jpg,"모나미 바우하우스 클래식 육각지우개 연필 6종 x 2p 세트 B, 혼합색상, 1세트",3930,None,13
https://thumbnail7.coupangcdn.com/thumbnails/remote/320x320ex/image/vendor_inventory/30ed/0dacafa997e57eae507f0bc1946b5760eec789eb0cd16b5303476076151a.jpg,"모나미 바우하우스 클래식 육각지우개 연필 6종 x 2p 세트 2B, 혼합색상, 1세트",2690,5,167
https://thumbnail10.coupangcdn.com/thumbnails/remote/320x320ex/image/vendor_inventory/4742/7d90ae3480579675a9e715dfa11e34972a75ea2f55089a2a1ca0f773f461.jpg,"모닝글로리 3000 캠퍼스메이트 연필세트 B(12자루), 임의배송, 3세트",9920,5,1
https://thumbnail6.coupangcdn.com/thumbnails/remote/320x320ex/image/vendor_inventory/2f36/8228f4d86e29beba4df1dc5d42d7cc5c0b89d467f48424de207671ba56f9.jpg,"스미글 연필 RG11 호주정품, 컬러체인지 5개입",9500,5,1
https://thumbnail6.coupangcdn.com/thumbnails/remote/320x320ex/image/vendor_inventory/61d0/95ae5834ebbda831ae6a094c1f95351a863471d33240e482810152df5912.jpg,"스테들러 780 최고급 홀더 샤프 2mm, 2개",12500,5,1747
https://thumbnail10.coupangcdn.com/thumbnails/remote/320x320ex/image/vendor_inventory/images/2016/05/11/18/5/cda39f6d-45ac-4250-878a-6e80b97b37b7.jpg,"스테들러 마스 루모그라프 100 전문가용 연필, 2B, 12개",12550,5,738
https://thumbnail8.coupangcdn.com/thumbnails/remote/320x320ex/image/retail/images/2024/06/14/15/0/e7e12cdf-e5d9-4d67-9450-8e2a07484b9b.jpg,"iiGEN 순덕이크루 만년연필 HB, 브라운, 3개",5140,None,36
https://thumbnail7.coupangcdn.com/thumbnails/remote/320x320ex/image/retail/images/2024/06/14/15/3/d0e3683d-6220-4e16-bfb7-38bf36e1374a.jpg,"iiGEN 순덕이크루만년 깎지않는 오래쓰는 무한 필기 특수 문구 연필 HB, 화이트, 5개",7900,None,36
https://thumbnail7.coupangcdn.com/thumbnails/remote/320x320ex/image/vendor_inventory/d1a4/3445a3e2e187bd3a27eb8a054b79caafb5898cb506f9a2ef9296715b872c.JPG,"산리오 시나모롤 원형 연필세트 12자루 2B, 블루",7000,5,26
https://thumbnail9.coupangcdn.com/thumbnails/remote/320x320ex/image/vendor_inventory/e275/5c78c721ce954c201697fb573df53b58dca69b7b4202fe50948785dde8a7.jpg,"오래쓰는 무한 연필 3개세트 닳지않는 반영구 연필 샤프, 스카이, 3개",4050,None,26
https://thumbnail10.coupangcdn.com/thumbnails/remote/320x320ex/image/rs_quotation_api/tkpqzv29/abf00e8b8c4a498091fb89db266ee708.jpg,"코히모 무한 오래쓰는 연필 12색 세트, 1세트, 혼합색상",8900,None,None
https://thumbnail7.coupangcdn.com/thumbnails/remote/320x320ex/image/retail/images/354935724792055-803bd4e0-ce06-4553-8fe4-9f9e12adf22d.jpg,"델리 펜슬그립 연필그립 4종 세트 U750 02, 혼합색상, 6세트",5800,None,None
https://thumbnail6.coupangcdn.com/thumbnails/remote/320x320ex/image/vendor_inventory/images/2018/08/09/16/1/aa6b079b-937c-4164-98e5-00fb2f348820.jpg,"[네임연필] 스테들러 옐로우 육각연필_연필세트, 2B, 12개",5700,5,272
https://thumbnail7.coupangcdn.com/thumbnails/remote/320x320ex/image/retail/images/108673615165211-236bf344-c0a7-4573-b0e8-4d037c2876d9.jpg,"산리오 마이멜로디 피규어 연필보호캡 문구세트, 핑크",4170,5,12
https://thumbnail7.coupangcdn.com/thumbnails/remote/320x320ex/image/vendor_inventory/52eb/fb70d0cf1f1e305f6574e9dc83949090511cd9da2db9069ba2f522404ab4.jpg,"스테들러 펜슬 HB 134, 옐로우, 72개",12000,5,2
https://thumbnail10.coupangcdn.com/thumbnails/remote/320x320ex/image/retail/images/431229395954621-2fa7d64f-294d-442e-ae3b-691403e7140a.jpg,"투코비 코마 삼각 그립 교정연필 B 세트 TC-P02, 혼합색상, 36개",9900,5,6
https://thumbnail10.coupangcdn.com/thumbnails/remote/320x320ex/image/vendor_inventory/b73e/fdf2b1bfbae6a3b8943d0bb67e0274d5759c5900688be18cbf9d34acf3c4.jpg,"동아 미피 슬림 연필 2B 5본입 / 2mm / 돌려쓰는 연필 / 캐릭터 연필 / 샤프식 연필",1920,5,4
https://thumbnail7.coupangcdn.com/thumbnails/remote/320x320ex/image/retail/images/82637537057383-197bf958-6507-4d7f-a12f-fb865bb115b7.jpg,"시스맥스 럭스 연필꽂이, 화이트, 1개",3590,5,146
https://thumbnail10.coupangcdn.com/thumbnails/remote/320x320ex/image/vendor_inventory/c1e6/983e27e3b958ef2ff4cde9a920525b292417200f62e16ff7d1ebc24fc0a3.jpg,"까페 곰돌이 만년 드로잉 연필 20개, 세트",26770,5,12
https://thumbnail6.coupangcdn.com/thumbnails/remote/320x320ex/image/vendor_inventory/519e/ab653acb410af0b6455140ecfb23794d1244fb834de03d59373cc2c2d357.jpg,"다오니 샵 산리오 연필 새학기 준비물 초등학생 필수품, 시나모롤",7200,None,None
https://thumbnail6.coupangcdn.com/thumbnails/remote/320x320ex/image/vendor_inventory/2253/16007175246a659f71277f2d988689f712f43de32933f5b7ef1b674cc01f.png,"투코비 코마 삼각 지우개 연필 B TC-208 48본입, 혼합색상, 2세트",10500,5,1668
https://thumbnail9.coupangcdn.com/thumbnails/remote/320x320ex/image/retail/images/2024/02/29/12/6/5bca4571-582d-428a-a758-4c139e57e3ff.png,"투코비 코마 삼각그립 교정연필 2B, 혼합색상, 36개",9900,5,244
https://thumbnail10.coupangcdn.com/thumbnails/remote/320x320ex/image/retail/images/2024/02/29/12/1/455bcbe3-bef7-41ff-9ccb-9fc076f5b804.jpg,"투코비 코마 삼각그립 점보 2B 교정연필 TC-P12, 혼합색상, 12개",9500,None,None
https://thumbnail6.coupangcdn.com/thumbnails/remote/320x320ex/image/retail/images/2024/02/28/16/3/2c3f149e-54cc-4f10-bb90-2100eb8d5ff9.jpg,"투코비 코마 삼각 지우개 연필 SG-208 HB, 혼합색상, 1세트",3120,None,None
https://thumbnail6.coupangcdn.com/thumbnails/remote/320x320ex/image/retail/images/161107950497504-3a9060fc-1db9-49e7-8fb4-b55cf4799517.png,"몽마르뜨 동아피엠에스 스케치 필기 연필 12p, 4B, 1개",6900,None,None
https://thumbnail10.coupangcdn.com/thumbnails/remote/320x320ex/image/retail/images/2024/02/27/9/2/92a1ae7a-8b35-498a-ae68-f629b179d39c.png,"델리 인피니티 지우개 연필 세트 2B EC019, 혼합색상, 12개",4900,5,7
https://thumbnail9.coupangcdn.com/thumbnails/remote/320x320ex/image/retail/images/2024/02/27/14/5/3d996612-88a6-4144-b4b5-f356d6e1c746.jpg,"투코비 코마 흑목 지우개 연필 B 6종 x 2p 세트 TC-P01, 혼합색상, 1세트",4000,None,6
https://thumbnail7.coupangcdn.com/thumbnails/remote/320x320ex/image/retail/images/2024/02/26/11/9/8dcfb01f-502d-4441-8ed2-3b94e55710c2.png,"델리 점보 교정 연필 6B +미니 연필깎이 세트, 랜덤 발송, 1세트",6000,None,40
https://thumbnail6.coupangcdn.com/thumbnails/remote/320x320ex/image/retail/images/2024/02/26/16/5/8da34095-33e9-48c0-bb14-0ce6bfeb3ea7.jpg,"델리 점보 이지그립 2B 연필 2종 x 4p + 연필깎이 세트 HC123, 혼합색상, 1세트",6000,5,6
https://thumbnail6.coupangcdn.com/thumbnails/remote/320x320ex/image/retail/images/2024/02/23/14/5/21486192-f75f-4e9e-949a-e54cb6e695f0.jpg,"델리 점보 교정 연필 4B +미니 점보 연필깎이 세트, 혼합색상, 1세트",6000,5,35
https://thumbnail7.coupangcdn.com/thumbnails/remote/320x320ex/image/vendor_inventory/ea80/800f814ca3dd6508bfeea91631b9261d809f6001e08867491d17dafe34fc.jpg,"블링스쿨 산리오 연필, 쿠로미",5000,5,8
https://thumbnail7.coupangcdn.com/thumbnails/remote/320x320ex/image/vendor_inventory/5516/27f492f74ad6b894ad8d56ee174b1073446bea033134a32539cb7e5aabae.png,"모나미 모니주 연필 B, 여, 120개",20510,5,384
